ID,DateTime,Description,PositionNoLeap,Latitude,Longitude
4,2020-02-08 16:18:53,Stoerung: Zwangsbremse wurde aktiviert,97455,47.30487034137401,8.049468838842976
11,2020-02-11 12:58:04,Stoerung: Zwangsbremse wurde aktiviert,316306,47.31528077143572,8.11281955633861
24,2020-02-14 06:12:39,"Stoerung: Linienleitertelegramme wurden erwartet, jedoch auf beiden Antennen keine empfangen.",322464,47.31004765910042,8.115177785629607
33,2020-02-17 17:46:22,"Stoerung: Linienleitertelegramme wurden erwartet, jedoch auf beiden Antennen keine empfangen.",427479,47.24078467708976,8.18940321104087
43,2020-02-19 17:12:45,Stoerung: Position unverifiziert (Eichung falsch),97591,47.30498748094045,8.04951965230212
44,2020-02-19 17:12:45,Stoerung: ZSI0 Modus (Position unbekannt),97591,47.30498748094045,8.04951965230212
50,2020-02-21 05:35:53,Stoerung: Zwangsbremse wurde aktiviert,317228,47.3144744626355,8.113094827470977
58,2020-02-24 20:23:13,Stoerung: Zwangsbremse wurde aktiviert,427791,47.24051239907072,8.189500284802746
62,2020-02-25 04:23:28,Stoerung: Zwangsbremse wurde aktiviert,428057,47.24028027321223,8.189583098111035
67,2020-02-26 04:06:57,Stoerung: Zwangsbremse wurde aktiviert,200127,47.391004293132816,8.053118562038227
70,2020-02-26 18:13:10,"Stoerung: Linienleitertelegramme wurden erwartet, jedoch auf beiden Antennen keine empfangen.",200127,47.391004293132816,8.053118562038227
75,2020-02-27 18:18:12,"Stoerung: Linienleitertelegramme wurden erwartet, jedoch auf beiden Antennen keine empfangen.",317211,47.31448923030456,8.113089135884167
86,2020-03-02 07:23:21,Stoerung: Zwangsbremse wurde aktiviert,427616,47.24066511833661,8.189445831711684
97,2020-03-05 16:44:02,"Stoerung: Linienleitertelegramme wurden erwartet, jedoch auf beiden Antennen keine empfangen.",428059,47.24027852790502,8.189583720767487
99,2020-03-05 18:59:59,"Stoerung: Linienleitertelegramme wurden erwartet, jedoch auf beiden Antennen keine empfangen.",428059,47.24027852790502,8.189583720767487
112,2020-03-10 05:37:37,Stoerung: Zwangsbremse wurde aktiviert,325695,47.30738435427869,8.116804245960358
115,2020-03-10 18:41:52,"Stoerung: Linienleitertelegramme wurden erwartet, jedoch auf beiden Antennen keine empfangen.",325695,47.30738435427869,8.116804245960358
121,2020-03-11 16:54:23,Stoerung: Zwangsbremse wurde aktiviert,98995,47.30618422122049,8.050090470197404
131,2020-03-13 08:40:35,Stoerung: Zwangsbremse wurde aktiviert,97451,47.30486689609265,8.049467344329472
166,2020-03-25 08:32:02,Stoerung: Zwangsbremse wurde aktiviert,200260,47.39106341620749,8.053270921363966
171,2020-03-26 17:04:08,"Stoerung: Linienleitertelegramme wurden erwartet, jedoch auf beiden Antennen keine empfangen.",428065,47.2402732919834,8.189585588736847
175,2020-03-27 18:55:32,"Stoerung: Linienleitertelegramme wurden erwartet, jedoch auf beiden Antennen keine empfangen.",200237,47.39105149521902,8.05324608345633
176,2020-03-27 20:03:50,"Stoerung: Linienleitertelegramme wurden erwartet, jedoch auf beiden Antennen keine empfangen.",200237,47.39105149521902,8.05324608345633
180,2020-03-28 19:25:04,"Stoerung: Linienleitertelegramme wurden erwartet, jedoch auf beiden Antennen keine empfangen.",428057,47.24028027321223,8.189583098111035
181,2020-03-28 20:33:41,"Stoerung: Linienleitertelegramme wurden erwartet, jedoch auf beiden Antennen keine empfangen.",428057,47.24028027321223,8.189583098111035
182,2020-03-28 22:54:29,"Stoerung: Linienleitertelegramme wurden erwartet, jedoch auf beiden Antennen keine empfangen.",428057,47.24028027321223,8.189583098111035
186,2020-03-29 15:58:31,"Stoerung: Linienleitertelegramme wurden erwartet, jedoch auf beiden Antennen keine empfangen.",322869,47.30969901758476,8.115329999388456
187,2020-03-29 20:45:21,"Stoerung: Linienleitertelegramme wurden erwartet, jedoch auf beiden Antennen keine empfangen.",322869,47.30969901758476,8.115329999388456
195,2020-03-31 13:46:09,Stoerung: Zwangsbremse wurde aktiviert,322899,47.30967311809564,8.115340906339435
202,2020-04-02 22:06:24,Stoerung: Zwangsbremse wurde aktiviert,428066,47.2402724193298,8.189585900065074
305,2020-04-02 22:06:24,Zwangsbremse wurde aktiviert,428066,47.2402724193298,8.189585900065074
206,2020-04-03 20:01:59,"Stoerung: Linienleitertelegramme wurden erwartet, jedoch auf beiden Antennen keine empfangen.",200221,47.391043202357466,8.053228804911887
309,2020-04-03 20:01:59,Keine Linienleitertelegramme empfangen,200221,47.391043202357466,8.053228804911887
214,2020-04-05 14:27:39,Stoerung: Zwangsbremse wurde aktiviert,200178,47.3910246748979,8.053178914546491
317,2020-04-05 14:27:39,Zwangsbremse wurde aktiviert,200178,47.3910246748979,8.053178914546491
215,2020-04-05 18:54:40,"Stoerung: Linienleitertelegramme wurden erwartet, jedoch auf beiden Antennen keine empfangen.",200178,47.3910246748979,8.053178914546491
318,2020-04-05 18:54:40,Keine Linienleitertelegramme empfangen,200178,47.3910246748979,8.053178914546491
216,2020-04-05 20:01:38,"Stoerung: Linienleitertelegramme wurden erwartet, jedoch auf beiden Antennen keine empfangen.",200178,47.3910246748979,8.053178914546491
319,2020-04-05 20:01:38,Keine Linienleitertelegramme empfangen,200178,47.3910246748979,8.053178914546491
220,2020-04-06 18:02:31,"Stoerung: Linienleitertelegramme wurden erwartet, jedoch auf beiden Antennen keine empfangen.",326264,47.30694464169432,8.117186924427408
323,2020-04-06 18:02:31,Keine Linienleitertelegramme empfangen,326264,47.30694464169432,8.117186924427408
221,2020-04-06 18:28:43,"Stoerung: Linienleitertelegramme wurden erwartet, jedoch auf beiden Antennen keine empfangen.",326264,47.30694464169432,8.117186924427408
324,2020-04-06 18:28:43,Keine Linienleitertelegramme empfangen,326264,47.30694464169432,8.117186924427408
222,2020-04-06 19:25:27,"Stoerung: Linienleitertelegramme wurden erwartet, jedoch auf beiden Antennen keine empfangen.",326264,47.30694464169432,8.117186924427408
325,2020-04-06 19:25:27,Keine Linienleitertelegramme empfangen,326264,47.30694464169432,8.117186924427408
223,2020-04-06 21:01:52,"Stoerung: Linienleitertelegramme wurden erwartet, jedoch auf beiden Antennen keine empfangen.",326264,47.30694464169432,8.117186924427408
326,2020-04-06 21:01:52,Keine Linienleitertelegramme empfangen,326264,47.30694464169432,8.117186924427408
224,2020-04-06 21:01:52,Stoerung: Zwangsbremse wurde aktiviert,326264,47.30694464169432,8.117186924427408
327,2020-04-06 21:01:52,Zwangsbremse wurde aktiviert,326264,47.30694464169432,8.117186924427408
228,2020-04-07 08:32:35,"Stoerung: Linienleitertelegramme wurden erwartet, jedoch auf beiden Antennen keine empfangen.",199884,47.39092301694605,8.052820589465014
331,2020-04-07 08:32:35,Keine Linienleitertelegramme empfangen,199884,47.39092301694605,8.052820589465014
229,2020-04-07 13:49:05,Stoerung: Position unverifiziert (Eichung falsch),199884,47.39092301694605,8.052820589465014
332,2020-04-07 13:49:05,Position unverifiziert (Eichung falsch),199884,47.39092301694605,8.052820589465014
230,2020-04-07 13:49:05,Stoerung: ZSI0 Modus (Position unbekannt),199884,47.39092301694605,8.052820589465014
333,2020-04-07 13:49:05,Position unbekannt (ZSI0),199884,47.39092301694605,8.052820589465014
231,2020-04-07 19:03:07,"Stoerung: Linienleitertelegramme wurden erwartet, jedoch auf beiden Antennen keine empfangen.",199884,47.39092301694605,8.052820589465014
334,2020-04-07 19:03:07,Keine Linienleitertelegramme empfangen,199884,47.39092301694605,8.052820589465014
242,2020-04-10 09:03:31,Stoerung: Position unverifiziert (Eichung falsch),322710,47.30983628487712,8.11527219254826
345,2020-04-10 09:03:31,Position unverifiziert (Eichung falsch),322710,47.30983628487712,8.11527219254826
243,2020-04-10 09:03:31,Stoerung: ZSI0 Modus (Position unbekannt),322710,47.30983628487712,8.11527219254826
346,2020-04-10 09:03:31,Position unbekannt (ZSI0),322710,47.30983628487712,8.11527219254826
244,2020-04-10 21:31:40,"Stoerung: Linienleitertelegramme wurden erwartet, jedoch auf beiden Antennen keine empfangen.",322710,47.30983628487712,8.11527219254826
347,2020-04-10 21:31:40,Keine Linienleitertelegramme empfangen,322710,47.30983628487712,8.11527219254826
245,2020-04-10 21:31:40,Stoerung: Zwangsbremse wurde aktiviert,322710,47.30983628487712,8.11527219254826
348,2020-04-10 21:31:40,Zwangsbremse wurde aktiviert,322710,47.30983628487712,8.11527219254826
253,2020-04-12 20:32:01,"Stoerung: Linienleitertelegramme wurden erwartet, jedoch auf beiden Antennen keine empfangen.",427536,47.24073493366692,8.189420943728727
356,2020-04-12 20:32:01,Keine Linienleitertelegramme empfangen,427536,47.24073493366692,8.189420943728727
254,2020-04-12 20:32:01,Stoerung: Zwangsbremse wurde aktiviert,427536,47.24073493366692,8.189420943728727
357,2020-04-12 20:32:01,Zwangsbremse wurde aktiviert,427536,47.24073493366692,8.189420943728727
255,2020-04-12 22:54:57,"Stoerung: Linienleitertelegramme wurden erwartet, jedoch auf beiden Antennen keine empfangen.",427536,47.24073493366692,8.189420943728727
358,2020-04-12 22:54:57,Keine Linienleitertelegramme empfangen,427536,47.24073493366692,8.189420943728727
265,2020-04-15 18:02:23,"Stoerung: Linienleitertelegramme wurden erwartet, jedoch auf beiden Antennen keine empfangen.",200358,47.39111747347512,8.05337307721416
368,2020-04-15 18:02:23,Keine Linienleitertelegramme empfangen,200358,47.39111747347512,8.05337307721416
266,2020-04-15 18:02:23,Stoerung: Zwangsbremse wurde aktiviert,200358,47.39111747347512,8.05337307721416
369,2020-04-15 18:02:23,Zwangsbremse wurde aktiviert,200358,47.39111747347512,8.05337307721416
269,2020-04-16 19:02:05,"Stoerung: Linienleitertelegramme wurden erwartet, jedoch auf beiden Antennen keine empfangen.",97980,47.30532223842573,8.04966640308893
372,2020-04-16 19:02:05,Keine Linienleitertelegramme empfangen,97980,47.30532223842573,8.04966640308893
270,2020-04-16 19:02:05,Stoerung: Zwangsbremse wurde aktiviert,97980,47.30532223842573,8.04966640308893
373,2020-04-16 19:02:05,Zwangsbremse wurde aktiviert,97980,47.30532223842573,8.04966640308893
285,2020-04-25 06:14:02,"Stoerung: Linienleitertelegramme wurden erwartet, jedoch auf beiden Antennen keine empfangen.",428055,47.24028201851944,8.18958247545458
388,2020-04-25 06:14:02,Keine Linienleitertelegramme empfangen,428055,47.24028201851944,8.18958247545458
286,2020-04-25 19:25:10,"Stoerung: Linienleitertelegramme wurden erwartet, jedoch auf beiden Antennen keine empfangen.",428055,47.24028201851944,8.18958247545458
389,2020-04-25 19:25:10,Keine Linienleitertelegramme empfangen,428055,47.24028201851944,8.18958247545458
290,2020-04-26 18:06:16,Stoerung: Zwangsbremse wurde aktiviert,199755,47.39088239442639,8.052660834364683
393,2020-04-26 18:06:16,Zwangsbremse wurde aktiviert,199755,47.39088239442639,8.052660834364683
296,2020-04-28 05:20:54,Stoerung: ZSI0 Modus (Position unbekannt),99243,47.3063988328808,8.050177973009012
399,2020-04-28 05:20:54,Position unbekannt (ZSI0),99243,47.3063988328808,8.050177973009012
422,2020-05-05 04:11:39,Zwangsbremse wurde aktiviert,199893,47.390925811985966,8.052831756684672
423,2020-05-05 08:27:57,Keine Linienleitertelegramme empfangen,199893,47.390925811985966,8.052831756684672
425,2020-05-05 11:15:22,Keine Linienleitertelegramme empfangen,199893,47.390925811985966,8.052831756684672
426,2020-05-05 14:46:06,Keine Linienleitertelegramme empfangen,199893,47.390925811985966,8.052831756684672
427,2020-05-05 15:13:55,Keine Linienleitertelegramme empfangen,199893,47.390925811985966,8.052831756684672
435,2020-05-07 22:06:44,Zwangsbremse wurde aktiviert,199876,47.39092053246613,8.05281066304754
451,2020-05-12 06:46:51,Keine Linienleitertelegramme empfangen,428061,47.24027678259781,8.18958434342394
463,2020-05-15 14:22:23,Zwangsbremse wurde aktiviert,322678,47.30986390662138,8.115260536746018
481,2020-05-20 06:49:18,Keine Linienleitertelegramme empfangen,100298,47.30731906528685,8.050502226818251
500,2020-05-28 07:40:55,Keine Linienleitertelegramme empfangen,428063,47.24027503729061,8.189584966080394
502,2020-05-28 17:03:41,Keine Linienleitertelegramme empfangen,428063,47.24027503729061,8.189584966080394
503,2020-05-28 18:39:48,Keine Linienleitertelegramme empfangen,428063,47.24027503729061,8.189584966080394
510,2020-05-30 18:55:12,Keine Linienleitertelegramme empfangen,114522,47.31976670943614,8.052804695042093
511,2020-05-30 19:46:43,Keine Linienleitertelegramme empfangen,114522,47.31976670943614,8.052804695042093
512,2020-05-30 19:46:43,Zwangsbremse wurde aktiviert,114522,47.31976670943614,8.052804695042093
515,2020-06-01 07:32:02,Keine Linienleitertelegramme empfangen,114474,47.319724039520295,8.052795707226739
516,2020-06-01 07:32:02,Zwangsbremse wurde aktiviert,114474,47.319724039520295,8.052795707226739
517,2020-06-01 21:54:51,Keine Linienleitertelegramme empfangen,114474,47.319724039520295,8.052795707226739
518,2020-06-01 23:02:16,Keine Linienleitertelegramme empfangen,114474,47.319724039520295,8.052795707226739
519,2020-06-01 23:02:16,Zwangsbremse wurde aktiviert,114474,47.319724039520295,8.052795707226739
523,2020-06-02 06:20:05,Zwangsbremse wurde aktiviert,427498,47.240768095948816,8.189409121936823
525,2020-06-02 20:18:57,Keine Linienleitertelegramme empfangen,427498,47.240768095948816,8.189409121936823
526,2020-06-02 20:18:57,Zwangsbremse wurde aktiviert,427498,47.240768095948816,8.189409121936823
527,2020-06-02 20:56:58,Keine Linienleitertelegramme empfangen,427498,47.240768095948816,8.189409121936823
530,2020-06-03 08:17:07,Position unverifiziert (Eichung falsch),202487,47.39210677474439,8.055743134369179
531,2020-06-03 08:17:07,Position unbekannt (ZSI0),202487,47.39210677474439,8.055743134369179
533,2020-06-03 09:34:58,Zwangsbremse wurde aktiviert,202487,47.39210677474439,8.055743134369179
542,2020-06-04 21:15:33,Keine Linienleitertelegramme empfangen,200135,47.39100730094548,8.05312816938567
564,2020-06-09 21:34:43,Zwangsbremse wurde aktiviert,97874,47.30523123459707,8.049625389132544
591,2020-06-17 08:16:13,Keine Linienleitertelegramme empfangen,322232,47.31024345315319,8.115074336310082
592,2020-06-17 10:23:06,Position unverifiziert (Eichung falsch),322232,47.31024345315319,8.115074336310082
594,2020-06-17 10:23:06,Zwangsbremse wurde aktiviert,322232,47.31024345315319,8.115074336310082
593,2020-06-17 10:23:06,Position unbekannt (ZSI0),322232,47.31024345315319,8.115074336310082
595,2020-06-17 10:35:57,Position unbekannt (ZSI0),322232,47.31024345315319,8.115074336310082
753,2020-06-18 18:30:08,Keine Linienleitertelegramme empfangen,202478,47.39210356911307,8.055732208744208
772,2020-06-24 04:12:16,Zwangsbremse wurde aktiviert,97972,47.30531541174573,8.049663112427117
817,2020-07-06 00:05:07,Position unverifiziert (Eichung falsch),372345,47.281977310604304,8.153611839612703
818,2020-07-06 00:05:07,Position unbekannt (ZSI0),372345,47.281977310604304,8.153611839612703
824,2020-07-06 21:03:19,Keine Linienleitertelegramme empfangen,372345,47.281977310604304,8.153611839612703
826,2020-07-06 23:24:47,Keine Linienleitertelegramme empfangen,372345,47.281977310604304,8.153611839612703
831,2020-07-07 20:10:10,Keine Linienleitertelegramme empfangen,372189,47.28206931730808,8.153456592050038
832,2020-07-07 21:02:09,Keine Linienleitertelegramme empfangen,372189,47.28206931730808,8.153456592050038
837,2020-07-08 17:51:31,Zwangsbremse wurde aktiviert,372317,47.28199382371138,8.153583973502743
839,2020-07-08 21:02:00,Keine Linienleitertelegramme empfangen,372317,47.28199382371138,8.153583973502743
840,2020-07-08 23:25:19,Keine Linienleitertelegramme empfangen,372317,47.28199382371138,8.153583973502743
844,2020-07-09 06:28:13,Position unverifiziert (Eichung falsch),372160,47.28208643445964,8.153427748849797
845,2020-07-09 06:28:13,Position unbekannt (ZSI0),372160,47.28208643445964,8.153427748849797
847,2020-07-09 07:40:11,Keine Linienleitertelegramme empfangen,372160,47.28208643445964,8.153427748849797
851,2020-07-09 21:02:25,Keine Linienleitertelegramme empfangen,372160,47.28208643445964,8.153427748849797
852,2020-07-09 23:24:47,Keine Linienleitertelegramme empfangen,372160,47.28208643445964,8.153427748849797
856,2020-07-10 06:02:56,Keine Linienleitertelegramme empfangen,202907,47.39224619949075,8.056259028205938
857,2020-07-10 06:02:56,Zwangsbremse wurde aktiviert,202907,47.39224619949075,8.056259028205938
872,2020-07-14 21:02:22,Keine Linienleitertelegramme empfangen,372355,47.28197141306606,8.153621791794832
873,2020-07-14 23:24:43,Keine Linienleitertelegramme empfangen,372355,47.28197141306606,8.153621791794832
878,2020-07-15 09:38:58,Zwangsbremse wurde aktiviert,371987,47.28218854712237,8.153255684241465
893,2020-07-20 06:54:30,Keine Linienleitertelegramme empfangen,114495,47.31974270760848,8.052799639395957
896,2020-07-20 21:32:40,Keine Linienleitertelegramme empfangen,114495,47.31974270760848,8.052799639395957
1179,2020-07-23 13:42:30,Position unverifiziert (Eichung falsch),98982,47.30617297141572,8.050085883356473
1180,2020-07-23 13:42:30,Position unbekannt (ZSI0),98982,47.30617297141572,8.050085883356473
1181,2020-07-23 13:45:51,Position unbekannt (ZSI0),98982,47.30617297141572,8.050085883356473
1182,2020-07-23 13:47:45,Position unbekannt (ZSI0),98982,47.30617297141572,8.050085883356473
1191,2020-07-28 13:11:06,Zwangsbremse wurde aktiviert,200352,47.39111404156751,8.053366960480869
1195,2020-07-29 06:25:37,Zwangsbremse wurde aktiviert,99010,47.30619720176446,8.05009576270617
1196,2020-07-29 06:26:40,Zwangsbremse wurde aktiviert,99010,47.30619720176446,8.05009576270617
1474,2020-08-05 05:05:36,Position unbekannt (ZSI0),372180,47.28207462952753,8.15344764071203
1498,2020-08-11 06:26:58,Keine Linienleitertelegramme empfangen,97589,47.304985758299765,8.049518905045367
1772,2020-08-15 18:46:15,Position unverifiziert (Eichung falsch),97589,47.304985758299765,8.049518905045367
1773,2020-08-15 18:46:15,Position unbekannt (ZSI0),97589,47.304985758299765,8.049518905045367
1780,2020-08-18 06:10:52,Keine Linienleitertelegramme empfangen,427482,47.24078205901488,8.18940414434023
1781,2020-08-18 06:13:03,Keine Linienleitertelegramme empfangen,427482,47.24078205901488,8.18940414434023
1782,2020-08-18 20:30:14,Position unverifiziert (Eichung falsch),427482,47.24078205901488,8.18940414434023
1784,2020-08-18 20:30:14,Zwangsbremse wurde aktiviert,427482,47.24078205901488,8.18940414434023
1783,2020-08-18 20:30:14,Position unbekannt (ZSI0),427482,47.24078205901488,8.18940414434023
1791,2020-08-20 06:11:15,Keine Linienleitertelegramme empfangen,114504,47.3197507082177,8.052801324611336
1792,2020-08-20 11:23:54,Zwangsbremse wurde aktiviert,114504,47.3197507082177,8.052801324611336
1793,2020-08-20 11:25:24,Zwangsbremse wurde aktiviert,114504,47.3197507082177,8.052801324611336
1794,2020-08-20 16:13:26,Keine Linienleitertelegramme empfangen,114504,47.3197507082177,8.052801324611336
1795,2020-08-20 19:11:03,Position unverifiziert (Eichung falsch),114504,47.3197507082177,8.052801324611336
1796,2020-08-20 19:11:03,Position unbekannt (ZSI0),114504,47.3197507082177,8.052801324611336
1797,2020-08-20 19:58:06,Position unbekannt (ZSI0),114504,47.3197507082177,8.052801324611336
1969,2020-08-23 06:40:14,Position unverifiziert (Eichung falsch),114443,47.31969648186632,8.05278990259599
1970,2020-08-23 06:40:14,Position unbekannt (ZSI0),114443,47.31969648186632,8.05278990259599
1985,2020-08-28 16:36:59,Zwangsbremse wurde aktiviert,200133,47.39100654899231,8.05312576754881
2005,2020-09-02 23:02:31,Keine Linienleitertelegramme empfangen,428029,47.24030470751312,8.189574380920687
2008,2020-09-03 06:44:29,Keine Linienleitertelegramme empfangen,97585,47.3049823130184,8.049517410531863
2013,2020-09-04 02:51:05,Zwangsbremse wurde aktiviert,97587,47.30498403565908,8.049518157788615
2058,2020-09-16 09:29:26,Position unverifiziert (Eichung falsch),97586,47.30498317433874,8.049517784160239
2059,2020-09-16 09:29:26,Position unbekannt (ZSI0),97586,47.30498317433874,8.049517784160239
2061,2020-09-16 16:43:13,Keine Linienleitertelegramme empfangen,97586,47.30498317433874,8.049517784160239
2065,2020-09-17 06:28:58,Position unverifiziert (Eichung falsch),428028,47.240305580166726,8.189574069592462
2066,2020-09-17 06:28:58,Position unbekannt (ZSI0),428028,47.240305580166726,8.189574069592462
2070,2020-09-18 06:49:15,Keine Linienleitertelegramme empfangen,97581,47.30497886773704,8.04951591601836
2072,2020-09-18 18:25:09,Keine Linienleitertelegramme empfangen,97581,47.30497886773704,8.04951591601836
2073,2020-09-18 19:18:14,Keine Linienleitertelegramme empfangen,97581,47.30497886773704,8.04951591601836
2074,2020-09-18 19:18:14,Zwangsbremse wurde aktiviert,97581,47.30497886773704,8.04951591601836
2081,2020-09-20 20:33:04,Keine Linienleitertelegramme empfangen,427633,47.24065028257892,8.189451120408062
2082,2020-09-20 20:33:04,Zwangsbremse wurde aktiviert,427633,47.24065028257892,8.189451120408062
2086,2020-09-21 18:26:01,Keine Linienleitertelegramme empfangen,97990,47.30533077177571,8.049670516416196
2091,2020-09-22 18:41:16,Keine Linienleitertelegramme empfangen,322775,47.30978016931735,8.115295824275384
2092,2020-09-22 20:09:25,Keine Linienleitertelegramme empfangen,322775,47.30978016931735,8.115295824275384
2093,2020-09-22 21:54:25,Keine Linienleitertelegramme empfangen,322775,47.30978016931735,8.115295824275384
2097,2020-09-23 16:34:44,Zwangsbremse wurde aktiviert,202481,47.39210463765684,8.055735850619199
2357,2020-09-28 10:47:21,Position unverifiziert (Eichung falsch),97451,47.30486689609265,8.049467344329472
2358,2020-09-28 10:47:21,Position unbekannt (ZSI0),97451,47.30486689609265,8.049467344329472
2359,2020-09-28 14:28:13,Zwangsbremse wurde aktiviert,97451,47.30486689609265,8.049467344329472
2360,2020-09-28 14:29:48,Zwangsbremse wurde aktiviert,97451,47.30486689609265,8.049467344329472
2362,2020-09-28 18:27:32,Keine Linienleitertelegramme empfangen,97451,47.30486689609265,8.049467344329472
2363,2020-09-28 18:27:32,Zwangsbremse wurde aktiviert,97451,47.30486689609265,8.049467344329472
2364,2020-09-28 18:29:08,Keine Linienleitertelegramme empfangen,97451,47.30486689609265,8.049467344329472
2368,2020-09-29 17:47:11,Keine Linienleitertelegramme empfangen,200378,47.39112891316716,8.053393466325131
2369,2020-09-29 17:48:07,Keine Linienleitertelegramme empfangen,200378,47.39112891316716,8.053393466325131
2370,2020-09-29 18:27:12,Keine Linienleitertelegramme empfangen,200378,47.39112891316716,8.053393466325131
2371,2020-09-29 18:27:12,Zwangsbremse wurde aktiviert,200378,47.39112891316716,8.053393466325131
2372,2020-09-29 18:29:09,Keine Linienleitertelegramme empfangen,200378,47.39112891316716,8.053393466325131
2377,2020-09-30 06:42:22,Keine Linienleitertelegramme empfangen,98003,47.305341865130686,8.04967586374164
2378,2020-09-30 08:30:13,Keine Linienleitertelegramme empfangen,98003,47.305341865130686,8.04967586374164
2380,2020-09-30 19:13:11,Keine Linienleitertelegramme empfangen,98003,47.305341865130686,8.04967586374164
2381,2020-09-30 19:13:11,Zwangsbremse wurde aktiviert,98003,47.305341865130686,8.04967586374164
2398,2020-10-06 02:26:56,Zwangsbremse wurde aktiviert,427553,47.24072009790923,8.189426232425106
2650,2020-10-07 16:12:11,Keine Linienleitertelegramme empfangen,114513,47.31975870882692,8.052803009826714
2997,2020-11-04 16:35:38,Zwangsbremse wurde aktiviert,97456,47.30487120269436,8.049469212471351
3261,2020-11-14 17:51:41,Zwangsbremse wurde aktiviert,202504,47.39211282982578,8.05576377166079
3280,2020-11-19 08:30:28,Keine Linienleitertelegramme empfangen,97584,47.30498145169806,8.049517036903486
3286,2020-11-20 22:38:51,Zwangsbremse wurde aktiviert,202906,47.39224588510964,8.056257789461316
3598,2020-12-03 05:30:00,Zwangsbremse wurde aktiviert,200146,47.39101143668789,8.053141379488403
3882,2020-12-10 16:20:14,Zwangsbremse wurde aktiviert,97593,47.30498920358113,8.04952039955887
3885,2020-12-11 10:54:20,Zwangsbremse wurde aktiviert,202904,47.39224525634743,8.056255311972071
4486,2021-01-08 23:06:39,Zwangsbremse wurde aktiviert,321900,47.31049479191116,8.114844038718406
4489,2021-01-09 07:21:55,Zwangsbremse wurde aktiviert,322612,47.30992057794669,8.115235015373667
4495,2021-01-11 07:44:38,Position unverifiziert (Eichung falsch),100791,47.307758865659096,8.050576945076998
4497,2021-01-11 07:44:38,Zwangsbremse wurde aktiviert,100791,47.307758865659096,8.050576945076998
4496,2021-01-11 07:44:38,Position unbekannt (ZSI0),100791,47.307758865659096,8.050576945076998
4500,2021-01-11 08:02:07,Position unbekannt (ZSI0),100791,47.307758865659096,8.050576945076998
4502,2021-01-14 19:15:03,Keine Linienleitertelegramme empfangen,97583,47.30498059037772,8.04951666327511
4505,2021-01-15 03:03:21,Zwangsbremse wurde aktiviert,316808,47.31483981994246,8.112957350402553
4506,2021-01-15 06:49:24,Keine Linienleitertelegramme empfangen,316808,47.31483981994246,8.112957350402553
4507,2021-01-15 15:04:55,Zwangsbremse wurde aktiviert,316808,47.31483981994246,8.112957350402553
4517,2021-01-19 06:30:17,Keine Linienleitertelegramme empfangen,427634,47.24064940988729,8.189451431507848
4538,2021-01-25 17:56:12,Keine Linienleitertelegramme empfangen,202491,47.39210819946943,8.055747990202498
4539,2021-01-25 17:56:19,Keine Linienleitertelegramme empfangen,202491,47.39210819946943,8.055747990202498
4540,2021-01-25 18:23:10,Keine Linienleitertelegramme empfangen,202491,47.39210819946943,8.055747990202498
4545,2021-01-27 04:11:02,Zwangsbremse wurde aktiviert,428053,47.24028376382664,8.189581852798128
4610,2021-01-29 17:36:54,Zwangsbremse wurde aktiviert,97459,47.304873786655385,8.04947033335648
4611,2021-01-29 19:13:21,Keine Linienleitertelegramme empfangen,97459,47.304873786655385,8.04947033335648
4632,2021-02-04 06:51:39,Zwangsbremse wurde aktiviert,427558,47.240715734451086,8.18942778792404
4644,2021-02-06 07:48:15,Zwangsbremse wurde aktiviert,427636,47.24064766450403,8.189452053707422
4645,2021-02-06 12:15:50,Zwangsbremse wurde aktiviert,427636,47.24064766450403,8.189452053707422
4657,2021-02-11 07:11:23,Zwangsbremse wurde aktiviert,200110,47.39099790153091,8.053098146424912
4776,2021-02-15 10:39:45,Zwangsbremse wurde aktiviert,321449,47.31081258056146,8.114475109818967
4801,2021-02-23 05:33:26,Zwangsbremse wurde aktiviert,416689,47.24985939879696,8.184603518506245
4986,2021-03-05 13:23:40,Zwangsbremse wurde aktiviert,97466,47.30487981589777,8.049472948755112
5041,2021-03-30 16:49:31,Zwangsbremse wurde aktiviert,202477,47.39210321293181,8.055730994785877
5084,2021-04-14 04:15:45,Zwangsbremse wurde aktiviert,326125,47.30705233630785,8.117094132702507
5375,2021-04-14 04:15:45,Zwangsbremse wurde aktiviert,326125,47.30705233630785,8.117094132702507
5101,2021-04-19 10:33:11,Zwangsbremse wurde aktiviert,427475,47.24078816785628,8.189401966641721
5392,2021-04-19 10:33:11,Zwangsbremse wurde aktiviert,427475,47.24078816785628,8.189401966641721
5112,2021-04-22 05:31:49,Zwangsbremse wurde aktiviert,427633,47.24065028257892,8.189451120408062
5403,2021-04-22 05:31:49,Zwangsbremse wurde aktiviert,427633,47.24065028257892,8.189451120408062
5116,2021-04-22 19:51:06,Zwangsbremse wurde aktiviert,427633,47.24065028257892,8.189451120408062
5407,2021-04-22 19:51:06,Zwangsbremse wurde aktiviert,427633,47.24065028257892,8.189451120408062
5233,2021-04-28 07:36:34,Zwangsbremse wurde aktiviert,100791,47.307758865659096,8.050576945076998
5430,2021-04-28 07:36:34,Zwangsbremse wurde aktiviert,100791,47.307758865659096,8.050576945076998
5265,2021-05-04 08:42:30,Zwangsbremse wurde aktiviert,202476,47.39210285675056,8.055729780827548
5462,2021-05-04 08:42:30,Zwangsbremse wurde aktiviert,202476,47.39210285675056,8.055729780827548
5289,2021-05-11 16:59:51,Keine Linienleitertelegramme empfangen,99018,47.30620412472125,8.050098585377514
5486,2021-05-11 16:59:51,Keine Linienleitertelegramme empfangen,99018,47.30620412472125,8.050098585377514
5303,2021-05-17 05:31:47,Zwangsbremse wurde aktiviert,202479,47.39210392529433,8.055733422702538
5500,2021-05-17 05:31:47,Zwangsbremse wurde aktiviert,202479,47.39210392529433,8.055733422702538
5304,2021-05-17 05:57:51,Keine Linienleitertelegramme empfangen,202479,47.39210392529433,8.055733422702538
5501,2021-05-17 05:57:51,Keine Linienleitertelegramme empfangen,202479,47.39210392529433,8.055733422702538
5306,2021-05-17 18:30:04,Keine Linienleitertelegramme empfangen,202479,47.39210392529433,8.055733422702538
5503,2021-05-17 18:30:04,Keine Linienleitertelegramme empfangen,202479,47.39210392529433,8.055733422702538
5323,2021-05-21 13:46:55,Keine Linienleitertelegramme empfangen,202485,47.39210606238188,8.055740706452518
5520,2021-05-21 13:46:55,Keine Linienleitertelegramme empfangen,202485,47.39210606238188,8.055740706452518
5559,2021-06-01 16:55:43,Zwangsbremse wurde aktiviert,99008,47.30619547102526,8.050095057038336
5563,2021-06-02 06:47:50,Keine Linienleitertelegramme empfangen,97580,47.3049780064167,8.049515542389983
5564,2021-06-02 14:54:37,Zwangsbremse wurde aktiviert,97580,47.3049780064167,8.049515542389983
5573,2021-06-07 16:59:18,Keine Linienleitertelegramme empfangen,97458,47.30487292533504,8.049469959728103
5576,2021-06-08 09:01:54,Keine Linienleitertelegramme empfangen,276676,47.35003475827508,8.111452210833221
5581,2021-06-09 06:55:04,Zwangsbremse wurde aktiviert,202904,47.39224525634743,8.056255311972071
5598,2021-06-14 08:41:03,Zwangsbremse wurde aktiviert,321428,47.31082791360248,8.1144589665936
5608,2021-06-16 21:02:09,Zwangsbremse wurde aktiviert,200123,47.39100278922648,8.053113758364507
5628,2021-06-22 06:43:29,Keine Linienleitertelegramme empfangen,202481,47.39210463765684,8.055735850619199
5638,2021-06-24 05:33:29,Zwangsbremse wurde aktiviert,98269,47.30556398312815,8.049803069048709
